{
  "employee": [
    {
      "id": 11,
      "name": "BDM",
      "city": "Theni",
      "gender": "Male",
      "department": "Maths"
    },
    {
      "id": 31,
      "name": "nandhini",
      "city": "trichy",
      "gender": "female",
      "department": "Aero"
    },
    {
      "id": 31,
      "name": "nandhini",
      "city": "trichy",
      "gender": "female",
      "department": "ECE"
    },
    {
      "id": 22,
      "name": "kani",
      "city": "vclm",
      "gender": "female",
      "department": "Maths"
    },
    {
      "id": 19,
      "name": "harshi",
      "city": "cbe",
      "gender": "female",
      "department": "CSE"
    }
  ],
  "todo": [
    {
      "id": 1,
      "task": "Requirement Analysis ",
      "weeks": "2",
      "team": " Fedex"
    },
    {
      "id": 2,
      "task": "Data filtering",
      "weeks": "2",
      "team": " Prudential"
    },
    {
      "id": 3,
      "task": "Business login",
      "weeks": "1",
      "team": " Fedex"
    },
    {
      "id": 4,
      "task": "Testing",
      "weeks": "3",
      "team": " Fedex"
    }
  ]
}