<beans xmlns="http://www.springframework.org/schema/beans"
	xmlns:xsi="http://www.w3.org/2001/XMLSchema-instance" 
	xmlns:context="http://www.springframework.org/schema/context"
	xsi:schemaLocation="http://www.springframework.org/schema/beans
        http://www.springframework.org/schema/beans/spring-beans-3.0.xsd
        http://www.springframework.org/schema/context
        http://www.springframework.org/schema/context/spring-context-3.0.xsd">

	<context:component-scan base-package="com.howtodoinjava.demo" />

	<bean class="org.springframework.web.servlet.mvc.annotation.DefaultAnnotationHandlerMapping" />
	<bean class="org.springframework.web.servlet.mvc.annotation.AnnotationMethodHandlerAdapter" />
	
	<bean id="viewResolver"
	class="org.springframework.web.servlet.view.InternalResourceViewResolver">
	<property name="prefix" value="/WEB-INF/jsp/"></property>
	<property name="suffix" value=".jsp"></property>
	</bean>
	
	<bean id="ds" class="org.springframework.jdbc.datasource.DriverManagerDataSource">  
	<property name="driverClassName" value="com.mysql.jdbc.Driver" />  
	<property name="url" value="jdbc:mysql://localhost:3306/springmvc" />  
	<property name="username" value="root" />  
	<property name="password" value="root" />  
	</bean>  
  
	<bean id="jdbcTemplate" class="org.springframework.jdbc.core.JdbcTemplate">  
	<property name="dataSource" ref="ds"></property>  
	</bean> 
</beans>